ab,airdrie
ab,albertabeach
ab,athabasca
ab,banff
ab,barrhead
ab,bassano
ab,beaumont
ab,beaverlodge
ab,bentley
ab,blackdiamond
ab,blackfalds
ab,bonaccord
ab,bonnyville
ab,bowisland
ab,bowden
ab,brooks
ab,bruederheim
ab,calgary
ab,calmar
ab,camrose
ab,canmore
ab,cardston
ab,carstairs
ab,chestermere
ab,claresholm
ab,coaldale
ab,coalhurst
ab,cochrane
ab,coldlake
ab,crossfield
ab,crowsnestpass
ab,devon
ab,didsbury
ab,draytonvalley
ab,drumheller
ab,duchess
ab,eckville
ab,edmonton
ab,edson
ab,elkpoint
ab,falher
ab,fortmacleod
ab,fortsaskatchewan
ab,foxcreek
ab,gibbons
ab,grandecache
ab,grandeprairie
ab,grimshaw
ab,hanna
ab,highlevel
ab,highprairie
ab,highriver
ab,hinton
ab,innisfail
ab,irricana
ab,jasper
ab,lacombe
ab,lamont
ab,leduc
ab,legal
ab,lethbridge
ab,lloydminster
ab,magrath
ab,manning
ab,mayerthorpe
ab,medicinehat
ab,millet
ab,morinville
ab,nanton
ab,nobleford
ab,okotoks
ab,olds
ab,onoway
ab,oyen
ab,peaceriver
ab,penhold
ab,picturebutte
ab,pinchercreek
ab,ponoka
ab,provost
ab,raymond
ab,reddeer
ab,redcliff
ab,redwater
ab,rimbey
ab,rockymountainhouse
ab,sexsmith
ab,slavelake
ab,springbrook
ab,sprucegrove
ab,st.albert
ab,st.paul
ab,stettler
ab,stonyplain
ab,strathmore
ab,sundre
ab,swanhills
ab,sylvanlake
ab,taber
ab,threehills
ab,tofield
ab,trochu
ab,turnervalley
ab,twohills
ab,valleyview
ab,vauxhall
ab,vegreville
ab,vermilion
ab,viking
ab,vulcan
ab,wabasca
ab,wainwright
ab,wembley
ab,westlock
ab,wetaskiwin
ab,whitecourt
ab,woodbuffalo
bc,abbotsford
bc,anmore
bc,armstrong
bc,ashcroft
bc,barri\'e8re
bc,bowenisland
bc,burnaby
bc,burnslake
bc,campbellriver
bc,castlegar
bc,cedar
bc,centralsaanich
bc,chase
bc,chetwynd
bc,chilliwack
bc,clearwater
bc,coldstream
bc,colwood
bc,comox
bc,coombs
bc,coquitlam
bc,courtenay
bc,cowichanbay
bc,cranbrook
bc,creston
bc,cumberland
bc,dawsoncreek
bc,delta
bc,duncan
bc,dunsmuir
bc,eastkelowna
bc,elkford
bc,ellison
bc,enderby
bc,errington
bc,esquimalt
bc,fernie
bc,fortst.james
bc,fortst.john
bc,fruitvale
bc,gibsons
bc,goldriver
bc,golden
bc,grandforks
bc,grindrod
bc,harrisonhotsprings
bc,highlands
bc,hilliers
bc,hope
bc,houston
bc,hudsonhope
bc,invermere
bc,kaleden
bc,kamloops
bc,kelowna
bc,kent
bc,keremeos
bc,kimberley
bc,kitimat
bc,ladysmith
bc,lakecountry
bc,lakecowichan
bc,lakeview
bc,langfordstation
bc,langley
bc,lillooet
bc,lionsbay
bc,loganlake
bc,lumby
bc,mackenzie
bc,mapleridge
bc,merritt
bc,metchosin
bc,mission
bc,nakusp
bc,nanaimo
bc,naramata
bc,nelson
bc,newwestminster
bc,nisga'a
bc,northcowichan
bc,northsaanich
bc,northvancouver
bc,northernrockiesa
bc,northernrockiesb
bc,oakbay
bc,oliver
bc,onehundredmilehouse
bc,ootischenia
bc,osoyoos
bc,parksville
bc,peachland
bc,pemberton
bc,penticton
bc,pittmeadows
bc,popkum
bc,portalberni
bc,portcoquitlam
bc,porthardy
bc,portmcneill
bc,portmoody
bc,powellriver
bc,princegeorge
bc,princerupert
bc,princeton
bc,qualicumbeach
bc,quesnel
bc,richmond
bc,rossland
bc,royston
bc,saanich
bc,salmo
bc,salmonarm
bc,saltair
bc,sechelt
bc,sicamous
bc,sidney
bc,smithers
bc,sooke
bc,sorrento
bc,spallumcheen
bc,sparwood
bc,squamish
bc,summerland
bc,surrey
bc,taylor
bc,telkwa
bc,terrace
bc,tofino
bc,trail
bc,tumblerridge
bc,ucluelet
bc,valemount
bc,vancouver
bc,vanderhoof
bc,vernon
bc,victoria
bc,viewroyal
bc,warfield
bc,westvancouver
bc,westbank
bc,whistler
bc,whiterock
bc,williamslake
bc,windermere
bc,youbou
mb,alexander
mb,alonsa
mb,altona
mb,arborg
mb,argyle
mb,armstrong
mb,beaus\'e9jour
mb,bifrost-riverton
mb,blumenort
mb,boissevain
mb,brandon
mb,brenda-waskada
mb,brokenhead
mb,carberry
mb,carman
mb,cartier
mb,cartwright-roblin
mb,clanwilliam-erickson
mb,coldwell
mb,cornwallis
mb,dauphin
mb,desalaberry
mb,deloraine-winchester
mb,dufferin
mb,eastst.paul
mb,ellice-archie
mb,elton
mb,emerson-franklin
mb,ethelbert
mb,fisher
mb,flinflon(part)
mb,gilbertplains
mb,gillam
mb,gimli
mb,glenboro-southcypress
mb,glenella-lansdowne
mb,grahamdale
mb,grandview
mb,grassland
mb,grey
mb,grunthal
mb,hamiota
mb,hanover
mb,harrisonpark
mb,headingley
mb,hillsburg-roblin-shellriver
mb,kelsey
mb,killarney-turtlemountain
mb,labroquerie
mb,lacdubonnet
mb,lakeshore
mb,landmark
mb,lorette
mb,lorne
mb,louise
mb,macdonald
mb,mccreary
mb,melita
mb,minitonas-bowsman
mb,minnedosa
mb,minto-odanah
mb,mitchell
mb,montcalm
mb,morden
mb,morris
mb,mosseyriver
mb,neepawa
mb,niverville
mb,norfolk-treherne
mb,northcypress-langford
mb,northnorfolk
mb,oakland-wawanesa
mb,oakview
mb,pembina
mb,pinawa
mb,piney
mb,pipestone
mb,portagelaprairie
mb,powerview-pinefalls
mb,prairielakes
mb,prairieview
mb,reinland
mb,reynolds
mb,ridingmountainwest
mb,ritchot
mb,riverdale
mb,rockwood
mb,roland
mb,rosedale
mb,rossburn
mb,rosser
mb,russell-binscarth
mb,selkirk
mb,sifton
mb,souris-glenwood
mb,springfield
mb,st-pierre-jolys
mb,st.andrews
mb,st.clements
mb,st.fran\'e7oisxavier
mb,st.laurent
mb,stanley
mb,ste.anne
mb,ste.rose
mb,steinbach
mb,stonewall
mb,stuartburn
mb,swanriver
mb,swanvalleywest
mb,tach\'e9
mb,teulon
mb,thepas
mb,thompson
mb,twoborders
mb,victoria
mb,virden
mb,wallace-woodworth
mb,wasagamack
mb,westinterlake
mb,westst.paul
mb,westlake-gladstone
mb,whitehead
mb,winkler
mb,winnipeg
mb,winnipegbeach
mb,woodlands
mb,yellowhead
nb,allardville
nb,alnwick
nb,atholville
nb,balmoral
nb,bascaraquet
nb,bathurst
nb,beaubassineast
nb,beaubassin-est
nb,belledune
nb,beresford
nb,bertrand
nb,botsford
nb,bright
nb,brighton
nb,buctouche
nb,burton
nb,campbellton
nb,cappele
nb,caraquet
nb,cardwell
nb,charlo
nb,chipman
nb,cocagne
nb,coverdale
nb,dalhousie
nb,denmark
nb,dieppe
nb,dorchester
nb,douglas
nb,dundas
nb,durham
nb,edmundston
nb,eelrivercrossing
nb,florenceville
nb,fredericton
nb,glenelg
nb,gordon
nb,grandbay-westfield
nb,grandfalls
nb,grandmanan
nb,greenwich
nb,hampton
nb,hanwell
nb,hardwicke
nb,havelock
nb,hillsborough
nb,kedgwick
nb,kent
nb,kingsclear
nb,kingston
nb,lam\'e8que
nb,lincoln
nb,mannerssutton
nb,maugerville
nb,mcadam
nb,memramcook
nb,minto
nb,miramichi
nb,moncton
nb,musquash
nb,nauwigewauk
nb,neguac
nb,newbandon
nb,newmaryland
nb,newcastle
nb,noonan
nb,northampton
nb,northesk
nb,norton
nb,oromocto
nb,paquetville
nb,peel
nb,pennfieldridge
nb,perth
nb,petitrocher
nb,petitcodiac
nb,plasterrock
nb,queensbury
nb,quispamsis
nb,richibucto
nb,richmond
nb,riverview
nb,rogersville
nb,rothesay
nb,sackville
nb,saintandrews
nb,saintdavid
nb,saintgeorge
nb,saintjames
nb,saintjohn
nb,saintmartins
nb,saintmary
nb,saintmarys
nb,saintstephen
nb,saint-andr\'e9
nb,saint-antoine
nb,saint-charles
nb,saint-jacques
nb,saint-joseph
nb,saint-louis
nb,saint-l\'e9onard
nb,saint-quentin
nb,salisbury
nb,shediac
nb,shippagan
nb,shippegan
nb,simonds
nb,southampton
nb,southesk
nb,springfield
nb,st.george
nb,studholm
nb,sussex
nb,sussexcorner
nb,tracadie
nb,upham
nb,uppermiramichi
nb,wakefield
nb,weldford
nb,wellington
nb,westfieldbeach
nb,wicklow
nb,wilmot
nl,woodstock
nl,baieverte
nl,baybulls
nl,bayroberts
nl,bishopsfalls
nl,bonavista
nl,botwood
nl,burgeo
nl,burin
nl,carbonear
nl,centreville-wareham-trinity
nl,channel-portauxbasques
nl,clarenville
nl,clarkesbeach
nl,conceptionbaysouth
nl,cornerbrook
nl,deerlake
nl,dildo
nl,flatrock
nl,fogoisland
nl,fortune
nl,gambo
nl,gander
nl,glovertown
nl,goulds
nl,grandbank
nl,grandfalls
nl,happyvalley
nl,harbourbreton
nl,harbourgrace
nl,harbourmain-chapel'scove-lakeview
nl,holyrood
nl,humbermouth
nl,irishtown-summerside
nl,kippens
nl,labradorcity
nl,lewisporte
nl,logybay-middlecove-outercove
nl,marystown
nl,masseydrive
nl,mountpearlpark
nl,nain
nl,new-wes-valley
nl,paradise
nl,pasadena
nl,placentia
nl,portugalcove-st.philip's
nl,pouchcove
nl,spaniardsbay
nl,springdale
nl,st.alban's
nl,st.anthony
nl,st.george's
nl,st.john's
nl,st.lawrence
nl,stephenville
nl,stephenvillecrossing
nl,torbay
nl,trinitybaynorth
nl,twillingate
nl,upperislandcove
nl,victoria
nl,wabana
nl,wabush
ns,witlessbay
ns,amherst
ns,antigonish
ns,argyle
ns,barrington
ns,berwick
ns,bridgewater
ns,capebreton
ns,centreville
ns,chester
ns,churchpoint
ns,digby
ns,falmouth
ns,halifax
ns,inverness
ns,kentville
ns,lantz
ns,lunenburg
ns,mahonebay
ns,middleton
ns,newglasgow
ns,oxford
ns,parrsboro
ns,pictou
ns,porthawkesbury
ns,queens
ns,shelburne
ns,stellarton
ns,stewiacke
ns,trenton
ns,truro
ns,wedgeport
ns,westville
ns,windsor
ns,wolfville
nt,yarmouth
nt,behchok\'f2
nt,fortsimpson
nt,fortsmith
nt,hayriver
nt,inuvik
nu,yellowknife
nu,arviat
nu,bakerlake
nu,cambridgebay
nu,capedorset
nu,clyderiver
nu,gjoahaven
nu,igloolik
nu,iqaluit
nu,kugluktuk
nu,pangnirtung
nu,pondinlet
nu,rankininlet
nu,repulsebay
on,taloyoak
on,addingtonhighlands
on,adelaide-metcalfe
on,adjala-tosorontio
on,admaston
on,bromley
on,ajax
on,alfredandplantagenet
on,algonquinhighlands
on,alnwick
on,haldimand
on,alvinston
on,amaranth
on,amherstburg
on,armour
on,armstrong
on,arnprior
on,arran-elderslie
on,ashfield-colborne-wawanosh
on,asphodel-norwood
on,assiginack
on,athens
on,atikokan
on,augusta
on,aurora
on,aylmer
on,bancroft
on,barrie
on,bayfield
on,bayham
on,beachburg
on,beckwith
on,belleville
on,blackriver-matheson
on,blandford-blenheim
on,blindriver
on,bluewater
on,bonfield
on,bonnecherevalley
on,bracebridge
on,bradfordwestgwillimbury
on,brampton
on,brant
on,brantford
on,breslau
on,brighton
on,brock
on,brockton
on,brockville
on,brudenell
on,lyndochandraglan
on,burford
on,burlington
on,caledon
on,callander
on,cambridge
on,carletonplace
on,carling
on,casselman
on,cavanmonaghan
on,centralelgin
on,centralfrontenac
on,centralhuron
on,centralmanitoulin
on,centrehastings
on,centrewellington
on,champlain
on,chapleau
on,chatham
on,chatsworth
on,chisholm
on,claremont
on,clarence-rockland
on,clarington
on,clearview
on,cobalt
on,cobourg
on,cochrane
on,collingwood
on,conestogo
on,cornwall
on,cramahe
on,dawn-euphemia
on,deepriver
on,deseronto
on,douro-dummer
on,drummond
on,northelmsley
on,dryden
on,dutton
on,dunwich
on,dysartetal
on,eastferris
on,eastgarafraxa
on,eastgwillimbury
on,easthawkesbury
on,eastzorra-tavistock
on,edwardsburgh
on,cardinal
on,elizabethtown-kitley
on,elliotlake
on,emo
on,englehart
on,enniskillen
on,erin
on,espanola
on,essa
on,essex
on,faraday
on,forterie
on,fortfrances
on,frenchriver
on,rivi\'e8redesfran\'e7ais
on,frontofyonge
on,frontenacislands
on,gananoque
on,georgianbay
on,georgianbluffs
on,georgina
on,goderich
on,grandvalley
on,gravenhurst
on,greatermadawaska
on,greaternapanee
on,greenstone
on,greyhighlands
on,grimsby
on,guelph
on,guelph
on,eramosa
on,haltonhills
on,hamilton
on,hamiltontownship
on,hanover
on,hastingshighlands
on,havelock-belmont-methuen
on,hawkesbury
on,hearst
on,hensall
on,highlandseast
on,hillsburgh
on,hindonhill
on,horton
on,howick
on,huntsville
on,huroneast
on,huronshores
on,huron-kinloss
on,ignace
on,ingersoll
on,innisfil
on,iroquoisfalls
on,kapuskasing
on,kawarthalakes
on,kenora
on,killaloe
on,hagartyandrichards
on,kincardine
on,king
on,kingsville
on,kirklandlake
on,kitchener
on,komoka
on,lasalle
on,laird
on,lakeofbays
on,lakeshore
on,lambtonshores
on,lanarkhighlands
on,lappe
on,laurentianhills
on,laurentianvalley
on,leamington
on,leedsandthethousandislands
on,lincoln
on,london
on,loyalist
on,lucanbiddulph
on,macdonald
on,meredithandaberdeenadditional
on,madawaskavalley
on,madoc
on,magnetawan
on,malahide
on,manitouwadge
on,mapleton
on,marathon
on,markham
on,markstay
on,marmoraandlake
on,mattawa
on,mcdougall
on,mckellar
on,mcnab
on,braeside
on,meaford
on,melancthon
on,merrickville
on,middlesexcentre
on,midland
on,milton
on,minto
on,mississauga
on,mississippimills
on,mono
on,montague
on,moonbeam
on,moosonee
on,morris-turnberry
on,mulmur
on,muskokafalls
on,neebing
on,newtecumseth
on,newmarket
on,niagarafalls
on,niagara-on-the-lake
on,nipigon
on,nipissing
on,northalgonawilberforce
on,northbay
on,northdumfries
on,northdundas
on,northfrontenac
on,northglengarry
on,northgrenville
on,northhuron
on,northkawartha
on,northmiddlesex
on,northperth
on,northstormont
on,northeasternmanitoulinandtheislands
on,northernbrucepeninsula
on,norwich
on,oakville
on,oliverpaipoonge
on,orangeville
on,orillia
on,oro-medonte
on,oshawa
on,otonabee-southmonaghan
on,ottawa
on,owensound
on,papineau-cameron
on,parrysound
on,pelham
on,pembroke
on,penetanguishene
on,perry
on,perth
on,pertheast
on,perthsouth
on,petawawa
on,peterborough
on,petrolia
on,pickering
on,plantagenet
on,plympton-wyoming
on,pointedward
on,portcolborne
on,porthope
on,powassan
on,prescott
on,prince
on,puslinch
on,quintewest
on,ramara
on,redlake
on,renfrew
on,richmondhill
on,rideaulakes
on,russell
on,sables-spanishrivers
on,sagamok
on,sarnia
on,saugeenshores
on,saultste.marie
on,schreiber
on,scugog
on,seguin
on,selwyn
on,severn
on,shelburne
on,shuniah
on,siouxlookout
on,siouxnarrows-nestorfalls
on,smithsfalls
on,smoothrockfalls
on,southalgonquin
on,southbruce
on,southbrucepeninsula
on,southdundas
on,southfrontenac
on,southglengarry
on,southhuron
on,southriver
on,southstormont
on,south-westoxford
on,southgate
on,southwestmiddlesex
on,southwold
on,springwater
on,st.catharines
on,st.clair
on,st.joseph
on,st.marys
on,st.thomas
on,st.-charles
on,stirling-rawdon
on,stonemills
on,stouffville
on,stratford
on,strathroy-caradoc
on,sudbury
on,tara
on,tay
on,tayvalley
on,tecumseh
on,temiskamingshores
on,terracebay
on,thamescentre
on,thebluemountains
on,thenation
on,lanation
on,thessalon
on,thorold
on,thunderbay
on,tillsonburg
on,timmins
on,tiny
on,toronto
on,trenthills
on,trentlakes
on,tweed
on,tyendinaga
on,uxbridge
on,vaughan
on,wainfleet
on,warwick
on,wasagabeach
on,waterloo
on,wawa
on,welland
on,wellesley
on,wellington
on,wellingtonnorth
on,westelgin
on,westgrey
on,westlincoln
on,westnipissing
on,nipissingouest
on,westperth
on,whitby
on,whitewaterregion
on,wilmot
on,windsor
on,woodstock
on,woolwich
on,zorra
pe,alberton
pe,charlottetown
pe,cornwall
pe,kensington
pe,malpeque
pe,miltonvalepark
pe,montague
pe,souris
pe,stratford
pe,summerside
qc,actonvale
qc,adstock
qc,akwesasne
qc,albanel
qc,alma
qc,amherst
qc,amos
qc,amqui
qc,amulet
qc,asbestos
qc,ascotcorner
qc,austin
qc,ayer\'92scliff
qc,baie-comeau
qc,baie-saint-paul
qc,baie-du-febvre
qc,baie-d\'92urf\'e9
qc,barraute
qc,beaconsfield
qc,beauceville
qc,beauharnois
qc,beauport
qc,beaupr\'e9
qc,bedford
qc,beloeil
qc,berthier-sur-mer
qc,berthierville
qc,blainville
qc,blanc-sablon
qc,bois-des-filion
qc,boisbriand
qc,boischatel
qc,bonaventure
qc,boucherville
qc,brigham
qc,bristol
qc,bromont
qc,brossard
qc,brownsburg
qc,br\'e9beuf
qc,bury
qc,b\'e9cancour
qc,candiac
qc,cantley
qc,capsant\'e9
qc,cap-chat
qc,cap-saint-ignace
qc,caplan
qc,carignan
qc,carleton-sur-mer
qc,causapscal
qc,chambly
qc,chambord
qc,champlain
qc,chandler
qc,chapais
qc,charlemagne
qc,chertsey
qc,chibougamau
qc,chisasibi
qc,chute-aux-outardes
qc,ch\'e2teau-richer
qc,ch\'e2teauguay
qc,clarendon
qc,clermont
qc,cleveland
qc,coaticook
qc,coleraine
qc,compton
qc,contrecoeur
qc,cookshire
qc,coteau-du-lac
qc,cowansville
qc,crabtree
qc,c\'f4te-saint-luc
qc,danville
qc,delson
qc,desbiens
qc,deschambault
qc,deux-montagnes
qc,disraeli
qc,dollard-des-ormeaux
qc,donnacona
qc,dorval
qc,drummondville
qc,dudswell
qc,dunham
qc,durham-sud
qc,d\'e9gelis
qc,d\'e9l\'e9age
qc,eastangus
qc,eastbroughton
qc,eastman
qc,eeyouistcheebaie-james
qc,farnham
qc,ferme-neuve
qc,fermont
qc,forestville
qc,fort-coulonge
qc,fossambault-sur-le-lac
qc,frampton
qc,franklincentre
qc,frelighsburg
qc,frontenac
qc,gasp\'e9
qc,gatineau
qc,girardville
qc,godmanchester
qc,gore
qc,gracefield
qc,granby
qc,grand-remous
qc,grande-rivi\'e8re
qc,grande-vall\'e9e
qc,grenville
qc,grenville-sur-la-rouge
qc,hampstead
qc,hatley
qc,havre-saint-pierre
qc,hemmingford
qc,henryville
qc,hinchinbrooke
qc,hudson
qc,huntingdon
qc,h\'e9bertville
qc,h\'e9rbertville
qc,h\'e9rouxville
qc,inukjuak
qc,joliette
qc,kingseyfalls
qc,kirkland
qc,kuujjuaq
qc,l'ange-gardien
qc,l'anse-saint-jean
qc,l'ascension-de-notre-seigneur
qc,l'isle-aux-allumettes
qc,l'isle-aux-coudres
qc,laconception
qc,lador\'e9
qc,laguadeloupe
qc,lamacaza
qc,lamalbaie
qc,laminerve
qc,lapocati\'e8re
qc,laprairie
qc,lapr\'e9sentation
qc,lap\'eache
qc,lasarre
qc,latuque
qc,labelle
qc,labrecque
qc,lac-bouchette
qc,lac-brome
qc,lac-drolet
qc,lac-etchemin
qc,lac-m\'e9gantic
qc,lac-nominingue
qc,lac-sup\'e9rieur
qc,lac-au-saumon
qc,lac-aux-sables
qc,lac-des-\'e9corces
qc,lachute
qc,lacolle
qc,lambton
qc,lanoraie
qc,larouche
qc,laurier-station
qc,laurierville
qc,laval
qc,lavaltrie
qc,lebel-sur-qu\'e9villon
qc,lescoteaux
qc,lesc\'e8dres
qc,lesescoumins
qc,lesm\'e9chins
qc,les\'e9boulements
qc,les\'eeles-de-la-madeleine
qc,listuguj
qc,longue-rive
qc,longueuil
qc,lorraine
qc,lorrainville
qc,louiseville
qc,lyster
qc,l\'e9ry
qc,l\'e9vis
qc,l\'92\'eesle-verte
qc,l\'92ancienne-lorette
qc,l\'92assomption
qc,l\'92avenir
qc,l\'92epiphanie
qc,l\'92islet-sur-mer
qc,l\'92\'eele-perrot
qc,macamic
qc,magog
qc,malartic
qc,maliotenam
qc,mandeville
qc,maniwaki
qc,manouane
qc,mansfield-et-pontefract
qc,maria
qc,marieville
qc,mascouche
qc,mashteuiatsh
qc,maskinong\'e9
qc,matagami
qc,matane
qc,mcmasterville
qc,melbourne
qc,mercier
qc,messines
qc,mille-isles
qc,mirabel
qc,mistassini
qc,mistissini
qc,mont-carmel
qc,mont-joli
qc,mont-laurier
qc,mont-orford
qc,mont-royal
qc,mont-saint-gr\'e9goire
qc,mont-saint-hilaire
qc,mont-tremblant
qc,montmagny
qc,montr\'e9al
qc,montr\'e9al-est
qc,montr\'e9al-ouest
qc,morin-heights
qc,m\'e9tabetchouan-lac-\'e0-la-croix
qc,nantes
qc,napierville
qc,neuville
qc,newcarlisle
qc,newrichmond
qc,nicolet
qc,normandin
qc,notre-dame-de-lourdes
qc,notre-dame-de-l'\'eele-perrot
qc,notre-dame-des-neiges
qc,notre-dame-des-pins
qc,notre-dame-des-prairies
qc,notre-dame-du-bon-conseil
qc,notre-dame-du-laus
qc,notre-dame-du-mont-carmel
qc,notre-dame-du-nord
qc,notre-dame-du-portage
qc,nouvelle
qc,noyan
qc,obedjiwan
qc,oka
qc,oldchelsea
qc,ormstown
qc,otterburnpark
qc,palmarolle
qc,papineauville
qc,paspebiac
qc,perc\'e9
qc,pessamit
qc,piedmont
qc,pierreville
qc,pincourt
qc,plaisance
qc,plessisville
qc,poh\'e9n\'e9gamook
qc,pointe-calumet
qc,pointe-claire
qc,pointe-lebel
qc,pointe-aux-outardes
qc,pointe-des-cascades
qc,pointe-\'e0-la-croix
qc,pont-rouge
qc,pontiac
qc,port-cartier
qc,port-daniel--gascons
qc,portneuf
qc,potton
qc,povungnituk
qc,price
qc,princeville
qc,pr\'e9vost
qc,quebeccity
qc,racine
qc,ragueneau
qc,rawdon
qc,repentigny
qc,richelieu
qc,richmond
qc,rigaud
qc,rimouski
qc,ripon
qc,riviere-ouelle
qc,rivi\'e8re-beaudette
qc,rivi\'e8re-blanche
qc,rivi\'e8re-bleue
qc,rivi\'e8re-h\'e9va
qc,rivi\'e8re-rouge
qc,rivi\'e8re-du-loup
qc,roberval
qc,rosem\'e8re
qc,rougemont
qc,rouyn-noranda
qc,roxtonfalls
qc,roxtonpond
qc,roxton-sud
qc,sacr\'e9-coeur-saguenay
qc,saguenay
qc,saint-adolphe-d'howard
qc,saint-agapit
qc,saint-aim\'e9-des-lacs
qc,saint-alban
qc,saint-albert
qc,saint-alexandre
qc,saint-alexandre-de-kamouraska
qc,saint-alexis
qc,saint-alexis-des-monts
qc,saint-alphonse-rodriguez
qc,saint-alphonse-de-granby
qc,saint-amable
qc,saint-ambroise
qc,saint-ambroise-de-kildare
qc,saint-anaclet-de-lessard
qc,saint-andr\'e9-avellin
qc,saint-andr\'e9-d'argenteuil
qc,saint-anicet
qc,saint-anselme
qc,saint-antoine-de-tilly
qc,saint-antoine-sur-richelieu
qc,saint-antonin
qc,saint-apollinaire
qc,saint-armand
qc,saint-ars\'e8ne
qc,saint-aubert
qc,saint-augustin-de-desmaures
qc,saint-barnab\'e9
qc,saint-barth\'e9lemy
qc,saint-basile
qc,saint-basile-le-grand
qc,saint-beno\'eet-labre
qc,saint-bernard
qc,saint-bernard-de-lacolle
qc,saint-blaise-sur-richelieu
qc,saint-bonaventure
qc,saint-boniface
qc,saint-bruno
qc,saint-bruno-de-guigues
qc,saint-bruno-de-montarville
qc,saint-calixte
qc,saint-casimir
qc,saint-charles-borrom\'e9e
qc,saint-charles-de-bellechasse
qc,saint-charles-sur-richelieu
qc,saint-christophe-d'arthabaska
qc,saint-chrysostome
qc,saint-claude
qc,saint-clet
qc,saint-colomban
qc,saint-constant
qc,saint-cuthbert
qc,saint-cyprien
qc,saint-cyprien-de-napierville
qc,saint-cyrille-de-wendover
qc,saint-c\'e9saire
qc,saint-c\'f4me
qc,saint-c\'f4me--lini\'e8re
qc,saint-damase
qc,saint-damien
qc,saint-damien-de-buckland
qc,saint-david-de-falardeau
qc,saint-denis
qc,saint-denis-de-brompton
qc,saint-dominique
qc,saint-donat
qc,saint-elz\'e9ar
qc,saint-esprit
qc,saint-eug\'e8ne
qc,saint-eustache
qc,saint-fabien
qc,saint-faustin--lac-carr\'e9
qc,saint-ferdinand
qc,saint-ferr\'e9ol-les-neiges
qc,saint-flavien
qc,saint-fran\'e7ois-xavier-de-brompton
qc,saint-fran\'e7ois-de-la-rivi\'e8re-du-sud
qc,saint-fran\'e7ois-du-lac
qc,saint-fr\'e9d\'e9ric
qc,saint-fulgence
qc,saint-f\'e9licien
qc,saint-f\'e9lix-de-kingsey
qc,saint-f\'e9lix-de-valois
qc,saint-gabriel
qc,saint-gabriel-de-brandon
qc,saint-gabriel-de-rimouski
qc,saint-gabriel-de-valcartier
qc,saint-georges-de-cacouna
qc,saint-georges-de-clarenceville
qc,saint-germain-de-grantham
qc,saint-gervais
qc,saint-gilles
qc,saint-guillaume
qc,saint-g\'e9d\'e9on
qc,saint-g\'e9d\'e9on-de-beauce
qc,saint-henri
qc,saint-hilarion
qc,saint-hippolyte
qc,saint-honor\'e9
qc,saint-honor\'e9-de-shenley
qc,saint-hubert-de-rivi\'e8re-du-loup
qc,saint-hugues
qc,saint-hyacinthe
qc,saint-ignace-de-loyola
qc,saint-isidore
qc,saint-jacques
qc,saint-jacques-le-mineur
qc,saint-jean-baptiste
qc,saint-jean-port-joli
qc,saint-jean-de-dieu
qc,saint-jean-de-matha
qc,saint-jean-sur-richelieu
qc,saint-joachim
qc,saint-joachim-de-shefford
qc,saint-joseph-de-beauce
qc,saint-joseph-de-coleraine
qc,saint-joseph-de-sorel
qc,saint-joseph-du-lac
qc,saint-jude
qc,saint-justin
qc,saint-j\'e9r\'f4me
qc,saint-lambert
qc,saint-lambert-de-lauzon
qc,saint-laurent-de-l'\'eele-d'orl\'e9ans
qc,saint-lazare
qc,saint-lazare-de-bellechasse
qc,saint-liboire
qc,saint-liguori
qc,saint-lin--laurentides
qc,saint-louis-de-gonzague
qc,saint-louis-du-ha!ha!
qc,saint-lucien
qc,saint-ludger
qc,saint-l\'e9on-de-standon
qc,saint-l\'e9onard-d'aston
qc,saint-l\'e9onard-de-portneuf
qc,saint-majorique-de-grantham
qc,saint-malachie
qc,saint-marc-des-carri\'e8res
qc,saint-marc-sur-richelieu
qc,saint-martin
qc,saint-mathias-sur-richelieu
qc,saint-mathieu
qc,saint-mathieu-de-beloeil
qc,saint-mathieu-du-parc
qc,saint-maurice
qc,saint-maxime-du-mont-louis
qc,saint-michel
qc,saint-michel-de-bellechasse
qc,saint-michel-des-saints
qc,saint-michel-du-squatec
qc,saint-modeste
qc,saint-narcisse
qc,saint-narcisse-de-beaurivage
qc,saint-narcisse-de-rimouski
qc,saint-nazaire
qc,saint-norbert
qc,saint-norbert-d'arthabaska
qc,saint-odilon-de-cranbourne
qc,saint-ours
qc,saint-pac\'f4me
qc,saint-pamphile
qc,saint-pascal
qc,saint-patrice-de-beaurivage
qc,saint-patrice-de-sherrington
qc,saint-paul
qc,saint-paul-d'abbotsford
qc,saint-paul-de-l'\'eele-aux-noix
qc,saint-paulin
qc,saint-philippe
qc,saint-pie
qc,saint-pierre-de-l'\'eele-d'orl\'e9ans
qc,saint-pierre-les-becquets
qc,saint-placide
qc,saint-polycarpe
qc,saint-prime
qc,saint-prosper
qc,saint-rapha\'ebl
qc,saint-raymond
qc,saint-ren\'e9-de-matane
qc,saint-robert
qc,saint-roch-de-richelieu
qc,saint-roch-de-l'achigan
qc,saint-r\'e9mi
qc,saint-sauveur
qc,saint-simon
qc,saint-sim\'e9on
qc,saint-stanislas
qc,saint-stanislas-de-kostka
qc,saint-sulpice
qc,saint-sylvestre
qc,saint-thomas
qc,saint-th\'e9odore-d'acton
qc,saint-tite
qc,saint-tite-des-caps
qc,saint-ubalde
qc,saint-urbain
qc,saint-urbain-premier
qc,saint-vallier
qc,saint-val\'e8re
qc,saint-val\'e9rien-de-milton
qc,saint-victor
qc,saint-wenceslas
qc,saint-zacharie
qc,saint-zotique
qc,saint-z\'e9non
qc,saint-\'e9douard
qc,saint-\'e9douard-de-lotbini\'e8re
qc,saint-\'e9lie-de-caxton
qc,saint-\'e9phrem-de-beauce
qc,saint-\'e9tienne-des-gr\'e8s
qc,sainte-ad\'e8le
qc,sainte-agathe-de-lotbini\'e8re
qc,sainte-agathe-des-monts
qc,sainte-ang\'e8le-de-monnoir
qc,sainte-anne-de-beaupr\'e9
qc,sainte-anne-de-bellevue
qc,sainte-anne-de-sabrevois
qc,sainte-anne-de-sorel
qc,sainte-anne-de-la-pocati\'e8re
qc,sainte-anne-de-la-p\'e9rade
qc,sainte-anne-des-lacs
qc,sainte-anne-des-monts
qc,sainte-anne-des-plaines
qc,sainte-anne-du-sault
qc,sainte-barbe
qc,sainte-brigide-d'iberville
qc,sainte-brigitte-de-laval
qc,sainte-b\'e9atrix
qc,sainte-catherine
qc,sainte-catherine-de-hatley
qc,sainte-catherine-de-la-jacques-cartier
qc,sainte-claire
qc,sainte-clotilde
qc,sainte-clotilde-de-horton
qc,sainte-croix
qc,sainte-c\'e9cile-de-milton
qc,sainte-f\'e9licit\'e9
qc,sainte-genevi\'e8ve-de-batiscan
qc,sainte-genevi\'e8ve-de-berthier
qc,sainte-h\'e9l\'e8ne-de-bagot
qc,sainte-h\'e9n\'e9dine
qc,sainte-jeanne-d'arc
qc,sainte-julie
qc,sainte-julienne
qc,sainte-justine
qc,sainte-luce
qc,sainte-lucie-des-laurentides
qc,sainte-madeleine
qc,sainte-marcelline-de-kildare
qc,sainte-marguerite
qc,sainte-marguerite-du-lac-masson
qc,sainte-marie
qc,sainte-marie-madeleine
qc,sainte-marie-salom\'e9
qc,sainte-marthe
qc,sainte-marthe-sur-le-lac
qc,sainte-martine
qc,sainte-m\'e9lanie
qc,sainte-p\'e9tronille
qc,sainte-sabine
qc,sainte-sophie
qc,sainte-th\'e8cle
qc,sainte-th\'e9r\'e8se
qc,sainte-th\'e9r\'e8se-de-gasp\'e9
qc,sainte-ursule
qc,sainte-victoire-de-sorel
qc,sainte-\'e9lisabeth
qc,sainte-\'e9m\'e9lie-de-l'\'e9nergie
qc,saints-anges
qc,salaberry-de-valleyfield
qc,salluit
qc,sayabec
qc,scott
qc,senneterre
qc,sept-\'eeles
qc,shannon
qc,shawinigan
qc,shawville
qc,sherbrooke
qc,sorel-tracy
qc,stanstead
qc,stoke
qc,stoneham-et-tewkesbury
qc,stukely-sud
qc,sutton
qc,terrasse-vaudreuil
qc,terrebonne
qc,thetfordmines
qc,thurso
qc,tingwick
qc,tring-jonction
qc,trois-pistoles
qc,trois-rivi\'e8res
qc,tr\'e8s-saint-sacrement
qc,tr\'e9cesson
qc,t\'e9miscaming
qc,t\'e9miscouata-sur-le-lac
qc,uashat
qc,upton
qc,val-david
qc,val-joli
qc,val-morin
qc,val-shefford
qc,val-des-monts
qc,val-d\'92or
qc,valcourt
qc,vall\'e9e-jonction
qc,varennes
qc,vaudreuil-dorion
qc,vaudreuil-sur-le-lac
qc,venise-en-qu\'e9bec
qc,verch\'e8res
qc,victoriaville
qc,ville-marie
qc,warwick
qc,waskaganish
qc,waswanipi
qc,waterloo
qc,waterville
qc,weedon-centre
qc,wemindji
qc,wemotaci
qc,wendake
qc,wentworth-nord
qc,westmount
qc,wickham
qc,windsor
qc,wotton
qc,yamachiche
qc,yamaska
qc,yamaska-est
sk,airronge
sk,assiniboia
sk,balgonie
sk,battleriverno.438
sk,battleford
sk,beaverriver
sk,biggar
sk,birchhills
sk,blucher
sk,britanniano.502
sk,bucklandno.491
sk,buffalonarrows
sk,canora
sk,canwoodno.494
sk,carlyle
sk,carnduff
sk,cormanparkno.344
sk,creighton
sk,dalmeny
sk,davidson
sk,delisle
sk,ducklakeno.463
sk,dundurnno.314
sk,edenwoldno.158
sk,esterhazy
sk,estevan
sk,estevanno.5
sk,eston
sk,flinflon
sk,foamlake
sk,fortqu\'92appelle
sk,frenchmanbutte
sk,gravelbourg
sk,grenfell
sk,hudsonbay
sk,hudsonbayno.394
sk,humboldt
sk,ile-\'e0-la-crosse
sk,indianhead
sk,kamsack
sk,kerrobert
sk,kindersley
sk,kindersleyno.290
sk,kipling
sk,laloche
sk,laronge
sk,lairdno.404
sk,lajordno.128
sk,langenburg
sk,langham
sk,lanigan
sk,lloydminster
sk,longlaketonno.219
sk,lumsden
sk,lumsdenno.189
sk,macklin
sk,maidstone
sk,maplecreek
sk,maplecreekno.111
sk,martensville
sk,meadowlake
sk,meadowlakeno.588
sk,melfort
sk,melville
sk,mervinno.499
sk,moosejaw
sk,moosejawno.161
sk,moosomin
sk,nipawin
sk,nipawinno.487
sk,northbattleford
sk,orkneyno.244
sk,osler
sk,outlook
sk,oxbow
sk,pelicannarrows
sk,pilotbutte
sk,pinehouse
sk,preeceville
sk,princealbert
sk,princealbertno.461
sk,rama
sk,regina
sk,reginabeach
sk,rosetown
sk,rosthern
sk,rosthernno.403
sk,saskatoon
sk,shaunavon
sk,shellbrook
sk,shellbrookno.493
sk,southqu'appelleno.157
sk,spiritwoodno.496
sk,st.louisno.431
sk,swiftcurrent
sk,swiftcurrentno.137
sk,tisdale
sk,torchriverno.488
sk,unity
sk,vanscoyno.345
sk,wadena
sk,waldheim
sk,warman
sk,watrous
sk,weyburn
sk,weyburnno.67
sk,whitecity
sk,wilkie
sk,wiltonno.472
sk,wynyard
sk,yorkton
yt,dawson
yt,whitehorse}
